{
  "version": "2022.2",
  "applications": [],
  "platforms": [
    {
      "name": "kv260_custom"
    }
  ],
  "systems": [
    {
      "name": "vector_matrix_mul_app_system",
      "platform": "/home/ht/workfile/vitis/vector_matrix_mul_v1/kv260_custom/export/kv260_custom/kv260_custom.xpfm",
      "sysConfig": "kv260_custom",
      "buildConfig": "Hardware",
      "applications": [
        {
          "name": "vector_matrix_mul_app_system_hw_link",
          "platform": "/home/ht/workfile/vitis/vector_matrix_mul_v1/kv260_custom/export/kv260_custom/kv260_custom.xpfm",
          "sysConfig": "Linux on x86",
          "domain": "pl",
          "system": "vector_matrix_mul_app_system"
        },
        {
          "name": "vector_matrix_mul_app_kernels",
          "platform": "/home/ht/workfile/vitis/vector_matrix_mul_v1/kv260_custom/export/kv260_custom/kv260_custom.xpfm",
          "sysConfig": "Linux on x86",
          "domain": "",
          "system": "vector_matrix_mul_app_system"
        },
        {
          "name": "vector_matrix_mul_app",
          "platform": "/home/ht/workfile/vitis/vector_matrix_mul_v1/kv260_custom/export/kv260_custom/kv260_custom.xpfm",
          "sysConfig": "kv260_custom",
          "domain": "linux_domain",
          "system": "vector_matrix_mul_app_system"
        }
      ]
    }
  ],
  "others": []
}