<?xml version="1.0" encoding="UTF-8"?>
<GenRun Id="design_1_proc_sys_reset_0_2_synth_1" LaunchPart="xck26-sfvc784-2LV-c" LaunchTime="1741320894">
  <File Type="PA-TCL" Name="design_1_proc_sys_reset_0_2.tcl"/>
  <File Type="RDS-PROPCONSTRS" Name="design_1_proc_sys_reset_0_2_drc_synth.rpt"/>
  <File Type="REPORTS-TCL" Name="design_1_proc_sys_reset_0_2_reports.tcl"/>
  <File Type="RDS-RDS" Name="design_1_proc_sys_reset_0_2.vds"/>
  <File Type="RDS-UTIL" Name="design_1_proc_sys_reset_0_2_utilization_synth.rpt"/>
  <File Type="RDS-UTIL-PB" Name="design_1_proc_sys_reset_0_2_utilization_synth.pb"/>
  <File Type="RDS-DCP" Name="design_1_proc_sys_reset_0_2.dcp"/>
  <File Type="VDS-TIMINGSUMMARY" Name="design_1_proc_sys_reset_0_2_timing_summary_synth.rpt"/>
  <File Type="VDS-TIMING-PB" Name="design_1_proc_sys_reset_0_2_timing_summary_synth.pb"/>
  <FileSet Name="sources" Type="BlockSrcs" RelSrcDir="$PSRCDIR/design_1_proc_sys_reset_0_2">
    <File Path="$PSRCDIR/sources_1/bd/design_1/ip/design_1_proc_sys_reset_0_2/design_1_proc_sys_reset_0_2.xci">
      <FileInfo>
        <Attr Name="UsedIn" Val="synthesis"/>
        <Attr Name="UsedIn" Val="implementation"/>
        <Attr Name="UsedIn" Val="simulation"/>
      </FileInfo>
    </File>
    <Config>
      <Option Name="TopModule" Val="design_1_proc_sys_reset_0_2"/>
      <Option Name="UseBlackboxStub" Val="1"/>
    </Config>
  </FileSet>
  <FileSet Name="constrs_in" Type="BlockSrcs" RelSrcDir="$PSRCDIR/design_1_proc_sys_reset_0_2">
    <File Path="$PSRCDIR/sources_1/bd/design_1/ip/design_1_proc_sys_reset_0_2/design_1_proc_sys_reset_0_2.xci">
      <FileInfo>
        <Attr Name="UsedIn" Val="synthesis"/>
        <Attr Name="UsedIn" Val="implementation"/>
        <Attr Name="UsedIn" Val="simulation"/>
      </FileInfo>
    </File>
    <Config>
      <Option Name="TopModule" Val="design_1_proc_sys_reset_0_2"/>
      <Option Name="UseBlackboxStub" Val="1"/>
    </Config>
  </FileSet>
  <FileSet Name="utils" Type="Utils" RelSrcDir="$PSRCDIR/utils_1">
    <Filter Type="Utils"/>
    <Config>
      <Option Name="TopAutoSet" Val="TRUE"/>
    </Config>
  </FileSet>
  <Strategy Version="1" Minor="2">
    <StratHandle Name="Vivado Synthesis Defaults" Flow="Vivado Synthesis 2022">
      <Desc>Vivado Synthesis Defaults</Desc>
    </StratHandle>
    <Step Id="synth_design"/>
  </Strategy>
</GenRun>
